rank,team,country,level,elo,to
19.0,Tottenham,ENG,1,1800.83117676,2014-08-16
18.0,Tottenham,ENG,1,1806.61010742,2014-08-19
18.0,Tottenham,ENG,1,1805.96081543,2014-08-21
19.0,Tottenham,ENG,1,1804.05664062,2014-08-24
17.0,Tottenham,ENG,1,1808.56115723,2014-08-27
18.0,Tottenham,ENG,1,1810.11816406,2014-08-28
17.0,Tottenham,ENG,1,1809.38024902,2014-08-29
18.0,Tottenham,ENG,1,1809.38024902,2014-08-31
19.0,Tottenham,ENG,1,1797.59924316,2014-09-13
19.0,Tottenham,ENG,1,1794.58520508,2014-09-16
19.0,Tottenham,ENG,1,1792.37023926,2014-09-17
20.0,Tottenham,ENG,1,1789.18127441,2014-09-18
23.0,Tottenham,ENG,1,1783.64477539,2014-09-20
22.0,Tottenham,ENG,1,1783.64477539,2014-09-21
25.0,Tottenham,ENG,1,1770.42321777,2014-09-24
24.0,Tottenham,ENG,1,1770.42321777,2014-09-27
23.0,Tottenham,ENG,1,1774.12341309,2014-09-30
23.0,Tottenham,ENG,1,1773.60095215,2014-10-01
23.0,Tottenham,ENG,1,1771.74951172,2014-10-02
25.0,Tottenham,ENG,1,1763.91479492,2014-10-05
25.0,Tottenham,ENG,1,1769.91101074,2014-10-18
25.0,Tottenham,ENG,1,1764.33496094,2014-10-21
28.0,Tottenham,ENG,1,1763.53259277,2014-10-22
28.0,Tottenham,ENG,1,1762.37023926,2014-10-23
26.0,Tottenham,ENG,1,1766.34191895,2014-10-26
29.0,Tottenham,ENG,1,1753.54870605,2014-10-29
28.0,Tottenham,ENG,1,1753.54870605,2014-11-01
29.0,Tottenham,ENG,1,1753.54870605,2014-11-02
29.0,Tottenham,ENG,1,1759.14013672,2014-11-04
29.0,Tottenham,ENG,1,1756.24438477,2014-11-05
29.0,Tottenham,ENG,1,1749.14868164,2014-11-06
29.0,Tottenham,ENG,1,1756.21203613,2014-11-09
30.0,Tottenham,ENG,1,1744.29125977,2014-11-21
31.0,Tottenham,ENG,1,1744.29125977,2014-11-23
29.0,Tottenham,ENG,1,1749.41088867,2014-11-25
29.0,Tottenham,ENG,1,1756.99584961,2014-11-26
29.0,Tottenham,ENG,1,1758.44677734,2014-11-27
25.0,Tottenham,ENG,1,1764.15771484,2014-11-30
23.0,Tottenham,ENG,1,1772.20117188,2014-12-03
23.0,Tottenham,ENG,1,1767.23352051,2014-12-06
27.0,Tottenham,ENG,1,1761.87084961,2014-12-07
26.0,Tottenham,ENG,1,1761.87084961,2014-12-09
25.0,Tottenham,ENG,1,1763.0802002,2014-12-10
25.0,Tottenham,ENG,1,1766.31799316,2014-12-11
28.0,Tottenham,ENG,1,1750.5267334,2014-12-14
27.0,Tottenham,ENG,1,1758.35595703,2014-12-20
27.0,Tottenham,ENG,1,1761.45214844,2014-12-26
26.0,Tottenham,ENG,1,1766.68395996,2014-12-28
25.0,Tottenham,ENG,1,1767.53735352,2015-01-01
20.0,Tottenham,ENG,1,1783.55554199,2015-01-10
21.0,Tottenham,ENG,1,1772.43017578,2015-01-11
22.0,Tottenham,ENG,1,1772.43017578,2015-01-17
21.0,Tottenham,ENG,1,1776.1262207,2015-01-31
20.0,Tottenham,ENG,1,1785.70141602,2015-02-06
21.0,Tottenham,ENG,1,1785.70141602,2015-02-07
20.0,Tottenham,ENG,1,1794.54870605,2015-02-08
19.0,Tottenham,ENG,1,1794.54870605,2015-02-10
21.0,Tottenham,ENG,1,1788.36706543,2015-02-14
19.0,Tottenham,ENG,1,1788.36706543,2015-02-17
19.0,Tottenham,ENG,1,1788.75061035,2015-02-19
19.0,Tottenham,ENG,1,1788.06225586,2015-02-22
20.0,Tottenham,ENG,1,1784.60705566,2015-02-24
20.0,Tottenham,ENG,1,1782.5859375,2015-02-25
20.0,Tottenham,ENG,1,1776.35949707,2015-02-26
29.0,Tottenham,ENG,1,1754.45422363,2015-02-28
28.0,Tottenham,ENG,1,1754.45422363,2015-03-01
29.0,Tottenham,ENG,1,1754.45422363,2015-03-04
28.0,Tottenham,ENG,1,1759.19665527,2015-03-07
25.0,Tottenham,ENG,1,1763.59570312,2015-03-11
28.0,Tottenham,ENG,1,1759.78479004,2015-03-12
28.0,Tottenham,ENG,1,1760.92993164,2015-03-15
29.0,Tottenham,ENG,1,1752.26049805,2015-03-16
30.0,Tottenham,ENG,1,1752.26049805,2015-03-17
28.0,Tottenham,ENG,1,1755.07275391,2015-03-18
29.0,Tottenham,ENG,1,1754.49682617,2015-03-19
31.0,Tottenham,ENG,1,1748.19775391,2015-03-21
29.0,Tottenham,ENG,1,1751.18041992,2015-04-04
31.0,Tottenham,ENG,1,1751.18041992,2015-04-05
31.0,Tottenham,ENG,1,1747.60827637,2015-04-11
36.0,Tottenham,ENG,1,1734.10546875,2015-04-12
37.0,Tottenham,ENG,1,1734.10546875,2015-04-19
33.0,Tottenham,ENG,1,1743.02709961,2015-04-24
32.0,Tottenham,ENG,1,1743.02709961,2015-04-25
32.0,Tottenham,ENG,1,1744.23303223,2015-05-02
33.0,Tottenham,ENG,1,1744.23303223,2015-05-03
34.0,Tottenham,ENG,1,1738.31433105,2015-05-05
33.0,Tottenham,ENG,1,1738.31433105,2015-05-06
34.0,Tottenham,ENG,1,1738.31433105,2015-05-09
36.0,Tottenham,ENG,1,1723.44274902,2015-05-10
37.0,Tottenham,ENG,1,1723.44274902,2015-05-16
37.0,Tottenham,ENG,1,1728.48413086,2015-05-17
36.0,Tottenham,ENG,1,1728.48413086,2015-05-23
35.0,Tottenham,ENG,1,1728.48413086,2015-05-24
35.0,Tottenham,ENG,1,1737.52062988,2015-07-02
35.0,Tottenham,ENG,1,1737.52502441,2015-07-09
35.0,Tottenham,ENG,1,1737.52514648,2015-07-16
35.0,Tottenham,ENG,1,1737.52526855,2015-07-23
35.0,Tottenham,ENG,1,1732.93151855,2015-07-30
35.0,Tottenham,ENG,1,1733.15515137,2015-08-06
35.0,Tottenham,ENG,1,1730.68017578,2015-08-08
35.0,Tottenham,ENG,1,1725.90551758,2015-08-15
36.0,Tottenham,ENG,1,1723.48876953,2015-08-18
36.0,Tottenham,ENG,1,1724.88464355,2015-08-20
36.0,Tottenham,ENG,1,1723.45666504,2015-08-21
37.0,Tottenham,ENG,1,1723.45666504,2015-08-22
37.0,Tottenham,ENG,1,1722.71777344,2015-08-26
37.0,Tottenham,ENG,1,1724.46838379,2015-08-27
37.0,Tottenham,ENG,1,1719.55212402,2015-08-29
37.0,Tottenham,ENG,1,1717.92028809,2015-08-30
36.0,Tottenham,ENG,1,1717.92028809,2015-09-12
38.0,Tottenham,ENG,1,1717.92028809,2015-09-13
36.0,Tottenham,ENG,1,1723.60925293,2015-09-15
39.0,Tottenham,ENG,1,1716.8404541,2015-09-16
39.0,Tottenham,ENG,1,1713.76782227,2015-09-17
37.0,Tottenham,ENG,1,1717.36218262,2015-09-18
36.0,Tottenham,ENG,1,1717.36218262,2015-09-20
34.0,Tottenham,ENG,1,1722.89428711,2015-09-23
35.0,Tottenham,ENG,1,1722.89428711,2015-09-26
32.0,Tottenham,ENG,1,1741.53442383,2015-09-27
31.0,Tottenham,ENG,1,1741.53442383,2015-09-29
33.0,Tottenham,ENG,1,1735.03686523,2015-09-30
31.0,Tottenham,ENG,1,1739.71484375,2015-10-01
30.0,Tottenham,ENG,1,1740.60351562,2015-10-04
29.0,Tottenham,ENG,1,1739.40917969,2015-10-17
29.0,Tottenham,ENG,1,1737.4942627,2015-10-20
29.0,Tottenham,ENG,1,1742.78076172,2015-10-21
29.0,Tottenham,ENG,1,1745.31213379,2015-10-22
31.0,Tottenham,ENG,1,1729.92028809,2015-10-23
30.0,Tottenham,ENG,1,1729.92028809,2015-10-25
29.0,Tottenham,ENG,1,1739.92297363,2015-11-02
29.0,Tottenham,ENG,1,1743.83764648,2015-11-03
29.0,Tottenham,ENG,1,1749.90405273,2015-11-04
28.0,Tottenham,ENG,1,1749.4387207,2015-11-05
28.0,Tottenham,ENG,1,1755.76635742,2015-11-08
28.0,Tottenham,ENG,1,1759.58557129,2015-11-22
28.0,Tottenham,ENG,1,1767.3729248,2015-11-24
29.0,Tottenham,ENG,1,1770.33349609,2015-11-25
28.0,Tottenham,ENG,1,1766.640625,2015-11-26
26.0,Tottenham,ENG,1,1772.18603516,2015-11-29
25.0,Tottenham,ENG,1,1771.85913086,2015-12-03
24.0,Tottenham,ENG,1,1771.85913086,2015-12-04
25.0,Tottenham,ENG,1,1771.85913086,2015-12-05
26.0,Tottenham,ENG,1,1769.40100098,2015-12-08
25.0,Tottenham,ENG,1,1769.56286621,2015-12-09
21.0,Tottenham,ENG,1,1776.36608887,2015-12-10
19.0,Tottenham,ENG,1,1784.75610352,2015-12-12
20.0,Tottenham,ENG,1,1784.75610352,2015-12-13
26.0,Tottenham,ENG,1,1771.05444336,2015-12-19
20.0,Tottenham,ENG,1,1781.3536377,2015-12-20
23.0,Tottenham,ENG,1,1781.3536377,2015-12-26
18.0,Tottenham,ENG,1,1787.00671387,2015-12-28
17.0,Tottenham,ENG,1,1793.01416016,2015-12-30
18.0,Tottenham,ENG,1,1793.01416016,2015-12-31
19.0,Tottenham,ENG,1,1793.01416016,2016-01-02
18.0,Tottenham,ENG,1,1793.01416016,2016-01-03
17.0,Tottenham,ENG,1,1792.42297363,2016-01-10
16.0,Tottenham,ENG,1,1792.42297363,2016-01-11
17.0,Tottenham,ENG,1,1792.42297363,2016-01-13
19.0,Tottenham,ENG,1,1781.11193848,2016-01-16
18.0,Tottenham,ENG,1,1786.04040527,2016-01-23
16.0,Tottenham,ENG,1,1795.22229004,2016-02-02
14.0,Tottenham,ENG,1,1802.95166016,2016-02-05
15.0,Tottenham,ENG,1,1802.95166016,2016-02-06
15.0,Tottenham,ENG,1,1806.18798828,2016-02-07
14.0,Tottenham,ENG,1,1806.18798828,2016-02-12
13.0,Tottenham,ENG,1,1806.18798828,2016-02-13
15.0,Tottenham,ENG,1,1806.18798828,2016-02-14
12.0,Tottenham,ENG,1,1816.58679199,2016-02-16
12.0,Tottenham,ENG,1,1815.98730469,2016-02-18
14.0,Tottenham,ENG,1,1817.20202637,2016-02-21
13.0,Tottenham,ENG,1,1817.20202637,2016-02-23
13.0,Tottenham,ENG,1,1816.07507324,2016-02-24
13.0,Tottenham,ENG,1,1819.65246582,2016-02-25
11.0,Tottenham,ENG,1,1841.12353516,2016-02-28
11.0,Tottenham,ENG,1,1843.9362793,2016-03-02
11.0,Tottenham,ENG,1,1833.48449707,2016-03-05
10.0,Tottenham,ENG,1,1831.66003418,2016-03-09
12.0,Tottenham,ENG,1,1829.10339355,2016-03-10
15.0,Tottenham,ENG,1,1811.5333252,2016-03-13
15.0,Tottenham,ENG,1,1815.82922363,2016-03-15
15.0,Tottenham,ENG,1,1815.9107666,2016-03-16
15.0,Tottenham,ENG,1,1815.77001953,2016-03-17
15.0,Tottenham,ENG,1,1810.09375,2016-03-20
15.0,Tottenham,ENG,1,1815.62658691,2016-04-02
15.0,Tottenham,ENG,1,1815.74523926,2016-04-03
14.0,Tottenham,ENG,1,1815.74523926,2016-04-06
14.0,Tottenham,ENG,1,1817.36071777,2016-04-07
13.0,Tottenham,ENG,1,1818.70007324,2016-04-10
13.0,Tottenham,ENG,1,1829.08996582,2016-04-12
12.0,Tottenham,ENG,1,1831.66772461,2016-04-14
12.0,Tottenham,ENG,1,1835.2989502,2016-04-18
10.0,Tottenham,ENG,1,1847.09448242,2016-04-25
10.0,Tottenham,ENG,1,1841.0435791,2016-04-26
10.0,Tottenham,ENG,1,1841.37719727,2016-04-28
11.0,Tottenham,ENG,1,1839.99414062,2016-05-01
10.0,Tottenham,ENG,1,1839.99414062,2016-05-02
10.0,Tottenham,ENG,1,1840.38745117,2016-05-04
11.0,Tottenham,ENG,1,1839.08569336,2016-05-05
9.0,Tottenham,ENG,1,1846.47900391,2016-05-08
11.0,Tottenham,ENG,1,1835.07836914,2016-05-15
14.0,Tottenham,ENG,1,1810.39453125,2016-05-18
16.0,Tottenham,ENG,1,1806.72412109,2016-07-28
17.0,Tottenham,ENG,1,1805.58154297,2016-08-04
17.0,Tottenham,ENG,1,1807.02319336,2016-08-13
16.0,Tottenham,ENG,1,1805.57507324,2016-08-14
17.0,Tottenham,ENG,1,1805.57507324,2016-08-16
17.0,Tottenham,ENG,1,1806.86157227,2016-08-17
16.0,Tottenham,ENG,1,1806.86157227,2016-08-18
16.0,Tottenham,ENG,1,1806.85778809,2016-08-19
17.0,Tottenham,ENG,1,1806.85778809,2016-08-20
15.0,Tottenham,ENG,1,1809.74487305,2016-08-21
14.0,Tottenham,ENG,1,1809.74487305,2016-08-23
13.0,Tottenham,ENG,1,1809.74487305,2016-08-24
13.0,Tottenham,ENG,1,1809.76062012,2016-08-25
13.0,Tottenham,ENG,1,1802.67358398,2016-08-27
16.0,Tottenham,ENG,1,1800.76196289,2016-09-10
13.0,Tottenham,ENG,1,1812.81860352,2016-09-13
14.0,Tottenham,ENG,1,1813.97460938,2016-09-14
16.0,Tottenham,ENG,1,1804.28930664,2016-09-15
16.0,Tottenham,ENG,1,1802.62145996,2016-09-16
15.0,Tottenham,ENG,1,1802.62145996,2016-09-17
16.0,Tottenham,ENG,1,1802.62145996,2016-09-18
16.0,Tottenham,ENG,1,1805.73156738,2016-09-24
15.0,Tottenham,ENG,1,1810.03674316,2016-09-27
15.0,Tottenham,ENG,1,1823.42163086,2016-09-28
14.0,Tottenham,ENG,1,1822.64294434,2016-09-29
14.0,Tottenham,ENG,1,1822.07043457,2016-10-02
10.0,Tottenham,ENG,1,1833.70336914,2016-10-15
11.0,Tottenham,ENG,1,1830.23144531,2016-10-16
12.0,Tottenham,ENG,1,1830.23144531,2016-10-18
12.0,Tottenham,ENG,1,1833.15112305,2016-10-19
13.0,Tottenham,ENG,1,1832.26989746,2016-10-20
12.0,Tottenham,ENG,1,1830.96728516,2016-10-22
13.0,Tottenham,ENG,1,1827.34191895,2016-10-29
13.0,Tottenham,ENG,1,1824.8013916,2016-10-30
14.0,Tottenham,ENG,1,1824.8013916,2016-11-01
14.0,Tottenham,ENG,1,1830.16052246,2016-11-02
14.0,Tottenham,ENG,1,1814.38928223,2016-11-03
14.0,Tottenham,ENG,1,1812.56774902,2016-11-06
14.0,Tottenham,ENG,1,1815.75756836,2016-11-19
14.0,Tottenham,ENG,1,1819.15087891,2016-11-22
14.0,Tottenham,ENG,1,1811.19165039,2016-11-23
14.0,Tottenham,ENG,1,1810.09680176,2016-11-24
14.0,Tottenham,ENG,1,1808.88781738,2016-11-26
14.0,Tottenham,ENG,1,1803.0300293,2016-12-03
14.0,Tottenham,ENG,1,1810.50366211,2016-12-06
14.0,Tottenham,ENG,1,1810.96252441,2016-12-07
12.0,Tottenham,ENG,1,1813.65515137,2016-12-08
12.0,Tottenham,ENG,1,1813.92724609,2016-12-11
15.0,Tottenham,ENG,1,1806.6907959,2016-12-14
15.0,Tottenham,ENG,1,1809.99890137,2016-12-18
15.0,Tottenham,ENG,1,1812.70751953,2016-12-28
13.0,Tottenham,ENG,1,1826.25891113,2017-01-01
12.0,Tottenham,ENG,1,1834.33251953,2017-01-04
11.0,Tottenham,ENG,1,1844.88208008,2017-01-07
12.0,Tottenham,ENG,1,1844.88208008,2017-01-14
11.0,Tottenham,ENG,1,1851.0546875,2017-01-21
11.0,Tottenham,ENG,1,1852.40368652,2017-01-29
10.0,Tottenham,ENG,1,1852.40368652,2017-01-31
11.0,Tottenham,ENG,1,1847.30273438,2017-02-04
11.0,Tottenham,ENG,1,1849.27038574,2017-02-05
10.0,Tottenham,ENG,1,1849.27038574,2017-02-11
12.0,Tottenham,ENG,1,1839.23547363,2017-02-15
12.0,Tottenham,ENG,1,1836.39819336,2017-02-16
12.0,Tottenham,ENG,1,1831.27954102,2017-02-21
12.0,Tottenham,ENG,1,1833.60180664,2017-02-22
13.0,Tottenham,ENG,1,1834.33508301,2017-02-23
16.0,Tottenham,ENG,1,1813.44238281,2017-02-24
17.0,Tottenham,ENG,1,1813.44238281,2017-02-25
16.0,Tottenham,ENG,1,1813.44238281,2017-02-26
14.0,Tottenham,ENG,1,1820.43713379,2017-03-05
12.0,Tottenham,ENG,1,1825.07580566,2017-03-07
12.0,Tottenham,ENG,1,1824.0838623,2017-03-09
12.0,Tottenham,ENG,1,1824.59448242,2017-03-14
11.0,Tottenham,ENG,1,1830.74987793,2017-03-15
13.0,Tottenham,ENG,1,1825.66320801,2017-03-16
14.0,Tottenham,ENG,1,1827.1550293,2017-03-18
13.0,Tottenham,ENG,1,1827.1550293,2017-03-19
12.0,Tottenham,ENG,1,1830.85766602,2017-04-01
10.0,Tottenham,ENG,1,1837.9083252,2017-04-05
9.0,Tottenham,ENG,1,1844.08886719,2017-04-08
9.0,Tottenham,ENG,1,1848.44152832,2017-04-12
10.0,Tottenham,ENG,1,1848.0255127,2017-04-13
10.0,Tottenham,ENG,1,1848.48828125,2017-04-15
10.0,Tottenham,ENG,1,1852.39782715,2017-04-18
10.0,Tottenham,ENG,1,1851.86303711,2017-04-20
10.0,Tottenham,ENG,1,1853.33178711,2017-04-23
11.0,Tottenham,ENG,1,1853.33178711,2017-04-26
11.0,Tottenham,ENG,1,1858.53088379,2017-04-30
9.0,Tottenham,ENG,1,1865.50634766,2017-05-03
8.0,Tottenham,ENG,1,1865.50634766,2017-05-04
8.0,Tottenham,ENG,1,1867.26184082,2017-05-05
11.0,Tottenham,ENG,1,1856.04321289,2017-05-07
10.0,Tottenham,ENG,1,1856.04321289,2017-05-11
10.0,Tottenham,ENG,1,1856.14367676,2017-05-14
10.0,Tottenham,ENG,1,1862.22631836,2017-05-18
8.0,Tottenham,ENG,1,1877.10009766,2017-05-20
7.0,Tottenham,ENG,1,1877.10009766,2017-05-21
7.0,Tottenham,ENG,1,1884.43127441,2017-05-24
7.0,Tottenham,ENG,1,1887.17651367,2017-07-27
7.0,Tottenham,ENG,1,1887.18969727,2017-08-03
7.0,Tottenham,ENG,1,1887.51184082,2017-08-13
7.0,Tottenham,ENG,1,1892.57995605,2017-08-15
7.0,Tottenham,ENG,1,1895.19580078,2017-08-17
7.0,Tottenham,ENG,1,1896.36523438,2017-08-20
7.0,Tottenham,ENG,1,1886.75793457,2017-08-23
7.0,Tottenham,ENG,1,1888.31665039,2017-08-24
7.0,Tottenham,ENG,1,1888.61120605,2017-08-27
11.0,Tottenham,ENG,1,1881.32067871,2017-09-09
7.0,Tottenham,ENG,1,1893.43334961,2017-09-12
8.0,Tottenham,ENG,1,1894.80615234,2017-09-13
7.0,Tottenham,ENG,1,1905.04858398,2017-09-14
8.0,Tottenham,ENG,1,1902.21179199,2017-09-16
9.0,Tottenham,ENG,1,1894.90026855,2017-09-20
10.0,Tottenham,ENG,1,1894.90026855,2017-09-23
10.0,Tottenham,ENG,1,1899.0300293,2017-09-26
8.0,Tottenham,ENG,1,1908.18322754,2017-09-27
9.0,Tottenham,ENG,1,1915.9777832,2017-09-28
9.0,Tottenham,ENG,1,1914.37438965,2017-09-30
9.0,Tottenham,ENG,1,1918.12854004,2017-10-14
8.0,Tottenham,ENG,1,1919.72839355,2017-10-17
7.0,Tottenham,ENG,1,1931.20471191,2017-10-18
6.0,Tottenham,ENG,1,1931.62390137,2017-10-19
6.0,Tottenham,ENG,1,1929.18395996,2017-10-22
5.0,Tottenham,ENG,1,1937.29553223,2017-10-28
6.0,Tottenham,ENG,1,1930.39465332,2017-10-31
6.0,Tottenham,ENG,1,1927.62158203,2017-11-01
5.0,Tottenham,ENG,1,1947.23022461,2017-11-02
5.0,Tottenham,ENG,1,1941.8972168,2017-11-04
6.0,Tottenham,ENG,1,1941.8972168,2017-11-05
6.0,Tottenham,ENG,1,1943.14880371,2017-11-18
6.0,Tottenham,ENG,1,1931.00695801,2017-11-21
6.0,Tottenham,ENG,1,1939.65332031,2017-11-22
6.0,Tottenham,ENG,1,1936.8458252,2017-11-23
7.0,Tottenham,ENG,1,1926.29541016,2017-11-25
9.0,Tottenham,ENG,1,1918.50769043,2017-11-28
9.0,Tottenham,ENG,1,1906.75134277,2017-12-02
10.0,Tottenham,ENG,1,1901.87158203,2017-12-05
10.0,Tottenham,ENG,1,1901.90136719,2017-12-06
9.0,Tottenham,ENG,1,1903.49536133,2017-12-07
9.0,Tottenham,ENG,1,1907.37231445,2017-12-09
9.0,Tottenham,ENG,1,1911.36169434,2017-12-13
9.0,Tottenham,ENG,1,1913.42431641,2017-12-16
9.0,Tottenham,ENG,1,1904.73693848,2017-12-23
8.0,Tottenham,ENG,1,1912.75268555,2017-12-26
7.0,Tottenham,ENG,1,1916.21044922,2017-12-30
8.0,Tottenham,ENG,1,1916.21044922,2018-01-02
7.0,Tottenham,ENG,1,1920.13647461,2018-01-04
8.0,Tottenham,ENG,1,1912.85400391,2018-01-13
7.0,Tottenham,ENG,1,1917.61804199,2018-01-20
8.0,Tottenham,ENG,1,1917.61804199,2018-01-21
9.0,Tottenham,ENG,1,1912.26281738,2018-01-31
7.0,Tottenham,ENG,1,1921.82104492,2018-02-04
7.0,Tottenham,ENG,1,1922.38574219,2018-02-10
7.0,Tottenham,ENG,1,1926.84240723,2018-02-13
6.0,Tottenham,ENG,1,1935.04772949,2018-02-14
6.0,Tottenham,ENG,1,1939.08898926,2018-02-15
6.0,Tottenham,ENG,1,1939.65466309,2018-02-18
7.0,Tottenham,ENG,1,1939.65466309,2018-02-20
7.0,Tottenham,ENG,1,1939.44396973,2018-02-21
7.0,Tottenham,ENG,1,1939.35717773,2018-02-22
6.0,Tottenham,ENG,1,1939.20910645,2018-02-25
7.0,Tottenham,ENG,1,1942.26574707,2018-03-03
7.0,Tottenham,ENG,1,1943.68664551,2018-03-04
6.0,Tottenham,ENG,1,1943.68664551,2018-03-06
7.0,Tottenham,ENG,1,1943.27990723,2018-03-07
7.0,Tottenham,ENG,1,1923.05981445,2018-03-08
7.0,Tottenham,ENG,1,1926.31481934,2018-03-11
7.0,Tottenham,ENG,1,1932.5324707,2018-03-13
7.0,Tottenham,ENG,1,1926.80688477,2018-03-14
7.0,Tottenham,ENG,1,1924.80249023,2018-03-15
7.0,Tottenham,ENG,1,1925.90588379,2018-04-01
7.0,Tottenham,ENG,1,1936.53393555,2018-04-05
7.0,Tottenham,ENG,1,1940.12426758,2018-04-07
7.0,Tottenham,ENG,1,1942.55249023,2018-04-12
7.0,Tottenham,ENG,1,1942.84851074,2018-04-14
8.0,Tottenham,ENG,1,1930.30310059,2018-04-17
8.0,Tottenham,ENG,1,1923.98657227,2018-04-22
9.0,Tottenham,ENG,1,1923.98657227,2018-04-24
8.0,Tottenham,ENG,1,1927.02880859,2018-04-26
9.0,Tottenham,ENG,1,1926.34741211,2018-04-29
8.0,Tottenham,ENG,1,1926.34741211,2018-04-30
8.0,Tottenham,ENG,1,1928.4666748,2018-05-02
8.0,Tottenham,ENG,1,1927.55651855,2018-05-03
8.0,Tottenham,ENG,1,1926.00280762,2018-05-05
9.0,Tottenham,ENG,1,1911.85742188,2018-05-09
8.0,Tottenham,ENG,1,1913.70910645,2018-05-13
8.0,Tottenham,ENG,1,1916.0246582,2018-05-26
8.0,Tottenham,ENG,1,1913.50280762,2018-07-26
8.0,Tottenham,ENG,1,1913.52050781,2018-08-02
8.0,Tottenham,ENG,1,1914.44775391,2018-08-09
8.0,Tottenham,ENG,1,1914.84887695,2018-08-11
7.0,Tottenham,ENG,1,1918.74829102,2018-08-12
8.0,Tottenham,ENG,1,1918.74829102,2018-08-16
8.0,Tottenham,ENG,1,1921.48999023,2018-08-18
8.0,Tottenham,ENG,1,1923.53234863,2018-08-23
8.0,Tottenham,ENG,1,1919.77722168,2018-08-27
6.0,Tottenham,ENG,1,1934.61889648,2018-08-30
6.0,Tottenham,ENG,1,1932.13452148,2018-09-02
7.0,Tottenham,ENG,1,1918.99401855,2018-09-15
7.0,Tottenham,ENG,1,1909.80651855,2018-09-18
8.0,Tottenham,ENG,1,1897.82165527,2018-09-19
9.0,Tottenham,ENG,1,1895.8963623,2018-09-20
8.0,Tottenham,ENG,1,1898.22277832,2018-09-22
8.0,Tottenham,ENG,1,1901.68859863,2018-09-29
8.0,Tottenham,ENG,1,1904.80529785,2018-10-02
8.0,Tottenham,ENG,1,1904.73608398,2018-10-03
9.0,Tottenham,ENG,1,1887.52685547,2018-10-04
9.0,Tottenham,ENG,1,1889.37658691,2018-10-06
9.0,Tottenham,ENG,1,1890.48962402,2018-10-20
9.0,Tottenham,ENG,1,1894.46166992,2018-10-23
9.0,Tottenham,ENG,1,1895.04016113,2018-10-24
9.0,Tottenham,ENG,1,1892.49291992,2018-10-25
8.0,Tottenham,ENG,1,1895.11303711,2018-10-28
9.0,Tottenham,ENG,1,1895.11303711,2018-10-29
9.0,Tottenham,ENG,1,1887.91430664,2018-11-03
9.0,Tottenham,ENG,1,1891.2557373,2018-11-06
9.0,Tottenham,ENG,1,1888.58447266,2018-11-07
8.0,Tottenham,ENG,1,1894.5769043,2018-11-08
8.0,Tottenham,ENG,1,1893.38867188,2018-11-10
8.0,Tottenham,ENG,1,1897.19433594,2018-11-24
8.0,Tottenham,ENG,1,1905.4375,2018-11-27
8.0,Tottenham,ENG,1,1904.6776123,2018-11-28
9.0,Tottenham,ENG,1,1907.26708984,2018-11-29
9.0,Tottenham,ENG,1,1909.84069824,2018-12-02
9.0,Tottenham,ENG,1,1898.4765625,2018-12-05
8.0,Tottenham,ENG,1,1900.88195801,2018-12-08
8.0,Tottenham,ENG,1,1907.27770996,2018-12-11
8.0,Tottenham,ENG,1,1915.85778809,2018-12-12
7.0,Tottenham,ENG,1,1913.83911133,2018-12-13
8.0,Tottenham,ENG,1,1911.63012695,2018-12-15
8.0,Tottenham,ENG,1,1913.24035645,2018-12-23
7.0,Tottenham,ENG,1,1921.72131348,2018-12-26
7.0,Tottenham,ENG,1,1926.15759277,2018-12-29
9.0,Tottenham,ENG,1,1904.3137207,2019-01-01
8.0,Tottenham,ENG,1,1908.33410645,2019-01-06
7.0,Tottenham,ENG,1,1908.33410645,2019-01-12
8.0,Tottenham,ENG,1,1908.33410645,2019-01-13
9.0,Tottenham,ENG,1,1897.57263184,2019-01-20
9.0,Tottenham,ENG,1,1899.91357422,2019-01-30
9.0,Tottenham,ENG,1,1902.0189209,2019-02-02
9.0,Tottenham,ENG,1,1903.97949219,2019-02-03
8.0,Tottenham,ENG,1,1903.97949219,2019-02-10
7.0,Tottenham,ENG,1,1907.33691406,2019-02-12
9.0,Tottenham,ENG,1,1903.36682129,2019-02-13
8.0,Tottenham,ENG,1,1919.04174805,2019-02-14
8.0,Tottenham,ENG,1,1918.02404785,2019-02-19
8.0,Tottenham,ENG,1,1917.39221191,2019-02-20
9.0,Tottenham,ENG,1,1918.04577637,2019-02-21
9.0,Tottenham,ENG,1,1921.0345459,2019-02-23
9.0,Tottenham,ENG,1,1907.77807617,2019-02-27
9.0,Tottenham,ENG,1,1895.67883301,2019-03-02
9.0,Tottenham,ENG,1,1892.70874023,2019-03-05
8.0,Tottenham,ENG,1,1898.69421387,2019-03-06
8.0,Tottenham,ENG,1,1905.54882812,2019-03-07
8.0,Tottenham,ENG,1,1903.76269531,2019-03-09
10.0,Tottenham,ENG,1,1891.03137207,2019-03-12
10.0,Tottenham,ENG,1,1891.5378418,2019-03-13
9.0,Tottenham,ENG,1,1896.9284668,2019-03-14
9.0,Tottenham,ENG,1,1903.10632324,2019-03-16
8.0,Tottenham,ENG,1,1903.10632324,2019-03-31
9.0,Tottenham,ENG,1,1898.61083984,2019-04-02
8.0,Tottenham,ENG,1,1898.61083984,2019-04-03
8.0,Tottenham,ENG,1,1902.16247559,2019-04-06
7.0,Tottenham,ENG,1,1902.16247559,2019-04-09
6.0,Tottenham,ENG,1,1909.64685059,2019-04-10
6.0,Tottenham,ENG,1,1908.14489746,2019-04-11
6.0,Tottenham,ENG,1,1912.01721191,2019-04-13
6.0,Tottenham,ENG,1,1913.61108398,2019-04-16
6.0,Tottenham,ENG,1,1911.79492188,2019-04-17
6.0,Tottenham,ENG,1,1918.34191895,2019-04-18
5.0,Tottenham,ENG,1,1920.52038574,2019-04-20
6.0,Tottenham,ENG,1,1916.35754395,2019-04-23
6.0,Tottenham,ENG,1,1917.69677734,2019-04-27
7.0,Tottenham,ENG,1,1902.99108887,2019-04-30
7.0,Tottenham,ENG,1,1888.82666016,2019-05-01
7.0,Tottenham,ENG,1,1884.87390137,2019-05-02
7.0,Tottenham,ENG,1,1888.15014648,2019-05-04
8.0,Tottenham,ENG,1,1876.61486816,2019-05-07
7.0,Tottenham,ENG,1,1884.44836426,2019-05-08
6.0,Tottenham,ENG,1,1905.78149414,2019-05-09
6.0,Tottenham,ENG,1,1906.6829834,2019-05-12
5.0,Tottenham,ENG,1,1901.27246094,2019-06-01
5.0,Tottenham,ENG,1,1894.80664062,2019-07-25
5.0,Tottenham,ENG,1,1894.81811523,2019-08-01
5.0,Tottenham,ENG,1,1894.82531738,2019-08-08
5.0,Tottenham,ENG,1,1894.99633789,2019-08-10
5.0,Tottenham,ENG,1,1897.30895996,2019-08-15
5.0,Tottenham,ENG,1,1897.41186523,2019-08-17
5.0,Tottenham,ENG,1,1902.89489746,2019-08-22
5.0,Tottenham,ENG,1,1905.86303711,2019-08-25
5.0,Tottenham,ENG,1,1891.64770508,2019-08-29
5.0,Tottenham,ENG,1,1892.83532715,2019-09-01
5.0,Tottenham,ENG,1,1894.2088623,2019-09-14
5.0,Tottenham,ENG,1,1901.33837891,2019-09-17
5.0,Tottenham,ENG,1,1891.84985352,2019-09-18
5.0,Tottenham,ENG,1,1890.51489258,2019-09-19
5.0,Tottenham,ENG,1,1890.74951172,2019-09-21
5.0,Tottenham,ENG,1,1880.5970459,2019-09-28
5.0,Tottenham,ENG,1,1883.08178711,2019-10-01
8.0,Tottenham,ENG,1,1858.39916992,2019-10-02
9.0,Tottenham,ENG,1,1860.71398926,2019-10-03
9.0,Tottenham,ENG,1,1862.49963379,2019-10-05
12.0,Tottenham,ENG,1,1840.6505127,2019-10-19
12.0,Tottenham,ENG,1,1834.35290527,2019-10-22
11.0,Tottenham,ENG,1,1844.55664062,2019-10-23
11.0,Tottenham,ENG,1,1848.60949707,2019-10-24
11.0,Tottenham,ENG,1,1850.55249023,2019-10-27
11.0,Tottenham,ENG,1,1848.20214844,2019-11-03
11.0,Tottenham,ENG,1,1846.78308105,2019-11-05
11.0,Tottenham,ENG,1,1846.08984375,2019-11-06
10.0,Tottenham,ENG,1,1856.90600586,2019-11-07
10.0,Tottenham,ENG,1,1857.83361816,2019-11-09
12.0,Tottenham,ENG,1,1851.82275391,2019-11-23
11.0,Tottenham,ENG,1,1857.84753418,2019-11-26
9.0,Tottenham,ENG,1,1860.77416992,2019-11-27
9.0,Tottenham,ENG,1,1858.0793457,2019-11-28
11.0,Tottenham,ENG,1,1849.00244141,2019-11-30
11.0,Tottenham,ENG,1,1852.06982422,2019-12-01
10.0,Tottenham,ENG,1,1852.06982422,2019-12-04
11.0,Tottenham,ENG,1,1844.1394043,2019-12-07
10.0,Tottenham,ENG,1,1851.10473633,2019-12-10
10.0,Tottenham,ENG,1,1853.29650879,2019-12-11
10.0,Tottenham,ENG,1,1846.97302246,2019-12-12
10.0,Tottenham,ENG,1,1849.09313965,2019-12-15
9.0,Tottenham,ENG,1,1856.41003418,2019-12-22
10.0,Tottenham,ENG,1,1843.15283203,2019-12-26
10.0,Tottenham,ENG,1,1845.86376953,2019-12-28
10.0,Tottenham,ENG,1,1840.8659668,2020-01-01
12.0,Tottenham,ENG,1,1830.16821289,2020-01-11
13.0,Tottenham,ENG,1,1826.59460449,2020-01-18
14.0,Tottenham,ENG,1,1824.20874023,2020-01-19
13.0,Tottenham,ENG,1,1824.20874023,2020-01-22
12.0,Tottenham,ENG,1,1826.54199219,2020-01-24
13.0,Tottenham,ENG,1,1826.54199219,2020-01-25
12.0,Tottenham,ENG,1,1826.54199219,2020-02-02
9.0,Tottenham,ENG,1,1842.43591309,2020-02-14
10.0,Tottenham,ENG,1,1842.43591309,2020-02-16
8.0,Tottenham,ENG,1,1846.37341309,2020-02-18
9.0,Tottenham,ENG,1,1844.03649902,2020-02-19
11.0,Tottenham,ENG,1,1832.34863281,2020-02-20
11.0,Tottenham,ENG,1,1838.09423828,2020-02-22
12.0,Tottenham,ENG,1,1831.08666992,2020-02-25
11.0,Tottenham,ENG,1,1828.18395996,2020-02-26
11.0,Tottenham,ENG,1,1830.03161621,2020-02-27
12.0,Tottenham,ENG,1,1828.44250488,2020-03-01
13.0,Tottenham,ENG,1,1817.88793945,2020-03-07
14.0,Tottenham,ENG,1,1816.4029541,2020-03-10
18.0,Tottenham,ENG,1,1801.09130859,2020-03-11
20.0,Tottenham,ENG,1,1794.08276367,2020-03-12
20.0,Tottenham,ENG,1,1798.41308594,2020-06-12
19.0,Tottenham,ENG,1,1798.41308594,2020-06-17
18.0,Tottenham,ENG,1,1798.41308594,2020-06-19
18.0,Tottenham,ENG,1,1798.44421387,2020-06-20
17.0,Tottenham,ENG,1,1798.44421387,2020-06-23
16.0,Tottenham,ENG,1,1803.88122559,2020-06-24
15.0,Tottenham,ENG,1,1803.88122559,2020-06-26
14.0,Tottenham,ENG,1,1803.88122559,2020-06-30
15.0,Tottenham,ENG,1,1803.88122559,2020-07-01
16.0,Tottenham,ENG,1,1803.88122559,2020-07-02
19.0,Tottenham,ENG,1,1789.67907715,2020-07-06
18.0,Tottenham,ENG,1,1795.57617188,2020-07-09
18.0,Tottenham,ENG,1,1791.69165039,2020-07-12
17.0,Tottenham,ENG,1,1799.15148926,2020-07-15
16.0,Tottenham,ENG,1,1808.64135742,2020-07-19
15.0,Tottenham,ENG,1,1819.37927246,2020-07-26
15.0,Tottenham,ENG,1,1816.74682617,2020-08-01
16.0,Tottenham,ENG,1,1816.74682617,2020-08-05
16.0,Tottenham,ENG,1,1815.75708008,2020-08-06
16.0,Tottenham,ENG,1,1818.13452148,2020-08-07
16.0,Tottenham,ENG,1,1819.36950684,2020-08-08
16.0,Tottenham,ENG,1,1819.0057373,2020-08-10
16.0,Tottenham,ENG,1,1819.67199707,2020-08-11
16.0,Tottenham,ENG,1,1817.35998535,2020-08-15
16.0,Tottenham,ENG,1,1810.64257812,2020-08-16
16.0,Tottenham,ENG,1,1807.71264648,2020-09-13
17.0,Tottenham,ENG,1,1796.33752441,2020-09-17
17.0,Tottenham,ENG,1,1797.82580566,2020-09-20
17.0,Tottenham,ENG,1,1809.69445801,2020-09-24
17.0,Tottenham,ENG,1,1811.04370117,2020-09-27
17.0,Tottenham,ENG,1,1806.49121094,2020-10-01
16.0,Tottenham,ENG,1,1809.74047852,2020-10-04
14.0,Tottenham,ENG,1,1831.92260742,2020-10-18
15.0,Tottenham,ENG,1,1827.81762695,2020-10-20
14.0,Tottenham,ENG,1,1831.50671387,2020-10-21
14.0,Tottenham,ENG,1,1834.03723145,2020-10-22
13.0,Tottenham,ENG,1,1842.87402344,2020-10-26
12.0,Tottenham,ENG,1,1847.97192383,2020-10-27
11.0,Tottenham,ENG,1,1850.25280762,2020-10-28
10.0,Tottenham,ENG,1,1857.5546875,2020-10-29
12.0,Tottenham,ENG,1,1841.12817383,2020-10-31
13.0,Tottenham,ENG,1,1841.12817383,2020-11-01
11.0,Tottenham,ENG,1,1844.62438965,2020-11-03
12.0,Tottenham,ENG,1,1849.28149414,2020-11-04
13.0,Tottenham,ENG,1,1846.15344238,2020-11-05
12.0,Tottenham,ENG,1,1853.67468262,2020-11-07
13.0,Tottenham,ENG,1,1853.67468262,2020-11-08
12.0,Tottenham,ENG,1,1856.58508301,2020-11-21
10.0,Tottenham,ENG,1,1871.29785156,2020-11-24
11.0,Tottenham,ENG,1,1873.34875488,2020-11-25
11.0,Tottenham,ENG,1,1868.14660645,2020-11-26
10.0,Tottenham,ENG,1,1871.95007324,2020-11-28
9.0,Tottenham,ENG,1,1871.95007324,2020-11-29
10.0,Tottenham,ENG,1,1873.08532715,2020-12-01
10.0,Tottenham,ENG,1,1872.66320801,2020-12-02
9.0,Tottenham,ENG,1,1874.16223145,2020-12-03
10.0,Tottenham,ENG,1,1864.92089844,2020-12-05
11.0,Tottenham,ENG,1,1864.92089844,2020-12-06
10.0,Tottenham,ENG,1,1873.03088379,2020-12-08
11.0,Tottenham,ENG,1,1868.46887207,2020-12-09
11.0,Tottenham,ENG,1,1867.05517578,2020-12-10
11.0,Tottenham,ENG,1,1871.13952637,2020-12-13
11.0,Tottenham,ENG,1,1867.26586914,2020-12-15
10.0,Tottenham,ENG,1,1867.26586914,2020-12-16
12.0,Tottenham,ENG,1,1862.59741211,2020-12-17
13.0,Tottenham,ENG,1,1862.59741211,2020-12-19
12.0,Tottenham,ENG,1,1862.59741211,2020-12-20
14.0,Tottenham,ENG,1,1847.26257324,2020-12-27
14.0,Tottenham,ENG,1,1846.27209473,2020-12-29
15.0,Tottenham,ENG,1,1846.27209473,2021-01-02
12.0,Tottenham,ENG,1,1852.28308105,2021-01-06
11.0,Tottenham,ENG,1,1852.28308105,2021-01-13
13.0,Tottenham,ENG,1,1845.58276367,2021-01-17
12.0,Tottenham,ENG,1,1850.76904297,2021-01-28
14.0,Tottenham,ENG,1,1841.63513184,2021-01-31
15.0,Tottenham,ENG,1,1829.83203125,2021-02-04
17.0,Tottenham,ENG,1,1821.4765625,2021-02-06
15.0,Tottenham,ENG,1,1821.4765625,2021-02-07
15.0,Tottenham,ENG,1,1824.56140137,2021-02-13
17.0,Tottenham,ENG,1,1818.58569336,2021-02-16
16.0,Tottenham,ENG,1,1822.23803711,2021-02-17
17.0,Tottenham,ENG,1,1822.23803711,2021-02-18
15.0,Tottenham,ENG,1,1829.82678223,2021-02-20
16.0,Tottenham,ENG,1,1829.82678223,2021-02-21
17.0,Tottenham,ENG,1,1821.28723145,2021-02-23
17.0,Tottenham,ENG,1,1824.01000977,2021-02-24
16.0,Tottenham,ENG,1,1826.89648438,2021-02-25
15.0,Tottenham,ENG,1,1821.40075684,2021-02-28
14.0,Tottenham,ENG,1,1831.43725586,2021-03-04
14.0,Tottenham,ENG,1,1835.76245117,2021-03-06
13.0,Tottenham,ENG,1,1835.76245117,2021-03-07
13.0,Tottenham,ENG,1,1842.87475586,2021-03-10
13.0,Tottenham,ENG,1,1845.26269531,2021-03-11
13.0,Tottenham,ENG,1,1854.40942383,2021-03-14
14.0,Tottenham,ENG,1,1846.66772461,2021-03-16
14.0,Tottenham,ENG,1,1846.82006836,2021-03-17
14.0,Tottenham,ENG,1,1850.79406738,2021-03-18
15.0,Tottenham,ENG,1,1821.1105957,2021-03-21
15.0,Tottenham,ENG,1,1829.94616699,2021-04-03
14.0,Tottenham,ENG,1,1829.94616699,2021-04-04
16.0,Tottenham,ENG,1,1826.07861328,2021-04-06
16.0,Tottenham,ENG,1,1822.98400879,2021-04-07
16.0,Tottenham,ENG,1,1826.23962402,2021-04-08
16.0,Tottenham,ENG,1,1826.54016113,2021-04-11
16.0,Tottenham,ENG,1,1818.09094238,2021-04-13
16.0,Tottenham,ENG,1,1817.17590332,2021-04-14
16.0,Tottenham,ENG,1,1817.02246094,2021-04-15
16.0,Tottenham,ENG,1,1822.58850098,2021-04-16
16.0,Tottenham,ENG,1,1821.76062012,2021-04-21
16.0,Tottenham,ENG,1,1826.21569824,2021-04-27
16.0,Tottenham,ENG,1,1826.96191406,2021-04-28
16.0,Tottenham,ENG,1,1828.30249023,2021-04-29
16.0,Tottenham,ENG,1,1828.58044434,2021-05-02
16.0,Tottenham,ENG,1,1834.58178711,2021-05-04
16.0,Tottenham,ENG,1,1835.75244141,2021-05-05
15.0,Tottenham,ENG,1,1840.52404785,2021-05-06
15.0,Tottenham,ENG,1,1837.98962402,2021-05-08
17.0,Tottenham,ENG,1,1823.85998535,2021-05-16
16.0,Tottenham,ENG,1,1832.20056152,2021-05-19
18.0,Tottenham,ENG,1,1821.02331543,2021-05-22
16.0,Tottenham,ENG,1,1821.02331543,2021-05-23
16.0,Tottenham,ENG,1,1832.68762207,2021-05-26
16.0,Tottenham,ENG,1,1831.75012207,2021-08-15
15.0,Tottenham,ENG,1,1843.6517334,2021-08-19
15.0,Tottenham,ENG,1,1839.69116211,2021-08-21
16.0,Tottenham,ENG,1,1839.69116211,2021-08-22
12.0,Tottenham,ENG,1,1845.47729492,2021-08-26
12.0,Tottenham,ENG,1,1850.73999023,2021-08-28
11.0,Tottenham,ENG,1,1850.73999023,2021-08-29
11.0,Tottenham,ENG,1,1854.26953125,2021-09-11
14.0,Tottenham,ENG,1,1834.34460449,2021-09-14
15.0,Tottenham,ENG,1,1831.01843262,2021-09-15
15.0,Tottenham,ENG,1,1833.30993652,2021-09-16
16.0,Tottenham,ENG,1,1829.84143066,2021-09-19
18.0,Tottenham,ENG,1,1820.10229492,2021-09-20
19.0,Tottenham,ENG,1,1820.10229492,2021-09-25
20.0,Tottenham,ENG,1,1820.10229492,2021-09-26
21.0,Tottenham,ENG,1,1810.49169922,2021-09-28
20.0,Tottenham,ENG,1,1810.30944824,2021-09-29
20.0,Tottenham,ENG,1,1808.62353516,2021-09-30
21.0,Tottenham,ENG,1,1806.18444824,2021-10-03
21.0,Tottenham,ENG,1,1812.18115234,2021-10-17
20.0,Tottenham,ENG,1,1817.82971191,2021-10-19
19.0,Tottenham,ENG,1,1821.59362793,2021-10-20
18.0,Tottenham,ENG,1,1824.6081543,2021-10-21
21.0,Tottenham,ENG,1,1807.99511719,2021-10-23
22.0,Tottenham,ENG,1,1807.99511719,2021-10-24
22.0,Tottenham,ENG,1,1801.58044434,2021-10-30
23.0,Tottenham,ENG,1,1790.27990723,2021-10-31
22.0,Tottenham,ENG,1,1790.27990723,2021-11-02
22.0,Tottenham,ENG,1,1790.59460449,2021-11-03
22.0,Tottenham,ENG,1,1792.84997559,2021-11-04
21.0,Tottenham,ENG,1,1791.24389648,2021-11-06
22.0,Tottenham,ENG,1,1791.24389648,2021-11-07
23.0,Tottenham,ENG,1,1790.92822266,2021-11-20
21.0,Tottenham,ENG,1,1790.92822266,2021-11-21
21.0,Tottenham,ENG,1,1797.06384277,2021-11-23
21.0,Tottenham,ENG,1,1802.70251465,2021-11-24
20.0,Tottenham,ENG,1,1805.25012207,2021-11-25
22.0,Tottenham,ENG,1,1784.36193848,2021-11-27
23.0,Tottenham,ENG,1,1784.36193848,2021-12-02
21.0,Tottenham,ENG,1,1791.46582031,2021-12-04
22.0,Tottenham,ENG,1,1791.46582031,2021-12-05
21.0,Tottenham,ENG,1,1797.99035645,2021-12-07
22.0,Tottenham,ENG,1,1795.65039062,2021-12-08
22.0,Tottenham,ENG,1,1791.75561523,2021-12-09
21.0,Tottenham,ENG,1,1785.60009766,2021-12-11
22.0,Tottenham,ENG,1,1785.60009766,2021-12-15
21.0,Tottenham,ENG,1,1785.60009766,2021-12-18
22.0,Tottenham,ENG,1,1785.60009766,2021-12-19
21.0,Tottenham,ENG,1,1790.41418457,2021-12-26
18.0,Tottenham,ENG,1,1799.62780762,2021-12-28
18.0,Tottenham,ENG,1,1798.11376953,2022-01-01
18.0,Tottenham,ENG,1,1803.45788574,2022-01-09
20.0,Tottenham,ENG,1,1803.45788574,2022-01-17
19.0,Tottenham,ENG,1,1803.45788574,2022-01-19
17.0,Tottenham,ENG,1,1811.63342285,2022-01-23
18.0,Tottenham,ENG,1,1805.38952637,2022-02-06
19.0,Tottenham,ENG,1,1805.38952637,2022-02-09
21.0,Tottenham,ENG,1,1794.06762695,2022-02-13
25.0,Tottenham,ENG,1,1779.86291504,2022-02-15
25.0,Tottenham,ENG,1,1780.82873535,2022-02-16
25.0,Tottenham,ENG,1,1782.86560059,2022-02-17
23.0,Tottenham,ENG,1,1783.29748535,2022-02-19
20.0,Tottenham,ENG,1,1798.06665039,2022-02-21
19.0,Tottenham,ENG,1,1798.06665039,2022-02-22
19.0,Tottenham,ENG,1,1799.09802246,2022-02-23
23.0,Tottenham,ENG,1,1790.23718262,2022-02-24
21.0,Tottenham,ENG,1,1790.58166504,2022-02-25
20.0,Tottenham,ENG,1,1790.58166504,2022-02-26
20.0,Tottenham,ENG,1,1804.84375,2022-02-27
19.0,Tottenham,ENG,1,1804.84375,2022-03-07
16.0,Tottenham,ENG,1,1814.9498291,2022-03-08
16.0,Tottenham,ENG,1,1814.33007812,2022-03-09
16.0,Tottenham,ENG,1,1814.61462402,2022-03-10
16.0,Tottenham,ENG,1,1815.51391602,2022-03-12
19.0,Tottenham,ENG,1,1810.0489502,2022-03-15
20.0,Tottenham,ENG,1,1805.98413086,2022-03-16
17.0,Tottenham,ENG,1,1816.21154785,2022-03-17
17.0,Tottenham,ENG,1,1821.14306641,2022-03-20
14.0,Tottenham,ENG,1,1831.21984863,2022-04-02
13.0,Tottenham,ENG,1,1831.21984863,2022-04-03
13.0,Tottenham,ENG,1,1840.15368652,2022-04-05
13.0,Tottenham,ENG,1,1841.28271484,2022-04-06
13.0,Tottenham,ENG,1,1837.94262695,2022-04-07
13.0,Tottenham,ENG,1,1836.3729248,2022-04-09
11.0,Tottenham,ENG,1,1850.00268555,2022-04-12
11.0,Tottenham,ENG,1,1850.51928711,2022-04-13
11.0,Tottenham,ENG,1,1851.52734375,2022-04-14
11.0,Tottenham,ENG,1,1859.45385742,2022-04-16
14.0,Tottenham,ENG,1,1846.73303223,2022-04-23
13.0,Tottenham,ENG,1,1844.42993164,2022-04-26
13.0,Tottenham,ENG,1,1845.28601074,2022-04-27
12.0,Tottenham,ENG,1,1846.0411377,2022-04-28
14.0,Tottenham,ENG,1,1842.68518066,2022-04-30
13.0,Tottenham,ENG,1,1842.68518066,2022-05-01
10.0,Tottenham,ENG,1,1850.65429688,2022-05-02
11.0,Tottenham,ENG,1,1850.65429688,2022-05-03
11.0,Tottenham,ENG,1,1851.25805664,2022-05-04
12.0,Tottenham,ENG,1,1846.47155762,2022-05-05
13.0,Tottenham,ENG,1,1840.69091797,2022-05-07
11.0,Tottenham,ENG,1,1846.7989502,2022-05-08
12.0,Tottenham,ENG,1,1846.7989502,2022-05-12
10.0,Tottenham,ENG,1,1859.87268066,2022-05-15
8.0,Tottenham,ENG,1,1863.24267578,2022-05-22
8.0,Tottenham,ENG,1,1869.68041992,2022-05-28
9.0,Tottenham,ENG,1,1866.62145996,2022-08-06
8.0,Tottenham,ENG,1,1871.39343262,2022-08-13
7.0,Tottenham,ENG,1,1871.39343262,2022-08-14
7.0,Tottenham,ENG,1,1873.75708008,2022-08-15
8.0,Tottenham,ENG,1,1873.75708008,2022-08-18
8.0,Tottenham,ENG,1,1874.02502441,2022-08-20
7.0,Tottenham,ENG,1,1877.32556152,2022-08-21
8.0,Tottenham,ENG,1,1877.32556152,2022-08-25
9.0,Tottenham,ENG,1,1877.79187012,2022-08-28
8.0,Tottenham,ENG,1,1882.70751953,2022-08-30
7.0,Tottenham,ENG,1,1882.70751953,2022-08-31
7.0,Tottenham,ENG,1,1880.93481445,2022-09-03
7.0,Tottenham,ENG,1,1883.29296875,2022-09-06
8.0,Tottenham,ENG,1,1882.13806152,2022-09-07
8.0,Tottenham,ENG,1,1882.48913574,2022-09-08
8.0,Tottenham,ENG,1,1880.25805664,2022-09-10
9.0,Tottenham,ENG,1,1880.25805664,2022-09-13
8.0,Tottenham,ENG,1,1864.51586914,2022-09-14
8.0,Tottenham,ENG,1,1863.80529785,2022-09-15
8.0,Tottenham,ENG,1,1865.88122559,2022-09-17
8.0,Tottenham,ENG,1,1872.87072754,2022-10-01
10.0,Tottenham,ENG,1,1863.55505371,2022-10-04
9.0,Tottenham,ENG,1,1862.20947266,2022-10-05
10.0,Tottenham,ENG,1,1865.76757812,2022-10-06
10.0,Tottenham,ENG,1,1868.53588867,2022-10-08
9.0,Tottenham,ENG,1,1875.95751953,2022-10-09
10.0,Tottenham,ENG,1,1875.95751953,2022-10-11
9.0,Tottenham,ENG,1,1877.15234375,2022-10-12
9.0,Tottenham,ENG,1,1883.64624023,2022-10-13
7.0,Tottenham,ENG,1,1885.36682129,2022-10-15
7.0,Tottenham,ENG,1,1889.54162598,2022-10-19
10.0,Tottenham,ENG,1,1877.74938965,2022-10-20
9.0,Tottenham,ENG,1,1878.62243652,2022-10-21
10.0,Tottenham,ENG,1,1878.62243652,2022-10-23
10.0,Tottenham,ENG,1,1866.90661621,2022-10-25
10.0,Tottenham,ENG,1,1867.18237305,2022-10-26
10.0,Tottenham,ENG,1,1863.82861328,2022-10-27
10.0,Tottenham,ENG,1,1860.0690918,2022-10-29
10.0,Tottenham,ENG,1,1864.3614502,2022-11-01
10.0,Tottenham,ENG,1,1873.92980957,2022-11-02
10.0,Tottenham,ENG,1,1875.17333984,2022-11-03
9.0,Tottenham,ENG,1,1878.52819824,2022-11-06
10.0,Tottenham,ENG,1,1872.11791992,2022-11-12
10.0,Tottenham,ENG,1,1875.38684082,2022-12-26
10.0,Tottenham,ENG,1,1872.75830078,2023-01-01
11.0,Tottenham,ENG,1,1855.50842285,2023-01-04
10.0,Tottenham,ENG,1,1867.85644531,2023-01-12
9.0,Tottenham,ENG,1,1867.85644531,2023-01-14
10.0,Tottenham,ENG,1,1867.85644531,2023-01-15
11.0,Tottenham,ENG,1,1857.57849121,2023-01-19
12.0,Tottenham,ENG,1,1852.71069336,2023-01-23
11.0,Tottenham,ENG,1,1858.18847656,2023-02-05
10.0,Tottenham,ENG,1,1869.26025391,2023-02-08
9.0,Tottenham,ENG,1,1869.26025391,2023-02-11
11.0,Tottenham,ENG,1,1852.74145508,2023-02-14
12.0,Tottenham,ENG,1,1847.06237793,2023-02-15
13.0,Tottenham,ENG,1,1845.76879883,2023-02-16
11.0,Tottenham,ENG,1,1846.3885498,2023-02-19
10.0,Tottenham,ENG,1,1853.0267334,2023-02-21
11.0,Tottenham,ENG,1,1848.55029297,2023-02-22
12.0,Tottenham,ENG,1,1848.61474609,2023-02-23
13.0,Tottenham,ENG,1,1851.54345703,2023-02-26
10.0,Tottenham,ENG,1,1860.88952637,2023-03-03
11.0,Tottenham,ENG,1,1860.88952637,2023-03-04
12.0,Tottenham,ENG,1,1850.07641602,2023-03-05
13.0,Tottenham,ENG,1,1850.07641602,2023-03-07
10.0,Tottenham,ENG,1,1854.52319336,2023-03-08
15.0,Tottenham,ENG,1,1844.25488281,2023-03-09
13.0,Tottenham,ENG,1,1847.31555176,2023-03-10
12.0,Tottenham,ENG,1,1847.31555176,2023-03-11
12.0,Tottenham,ENG,1,1851.23535156,2023-03-14
11.0,Tottenham,ENG,1,1854.11462402,2023-03-15
11.0,Tottenham,ENG,1,1852.43652344,2023-03-16
12.0,Tottenham,ENG,1,1851.90258789,2023-03-18
13.0,Tottenham,ENG,1,1848.05041504,2023-03-19
12.0,Tottenham,ENG,1,1848.05041504,2023-04-01
11.0,Tottenham,ENG,1,1848.05041504,2023-04-03
11.0,Tottenham,ENG,1,1845.1418457,2023-04-07
10.0,Tottenham,ENG,1,1845.1418457,2023-04-08
10.0,Tottenham,ENG,1,1851.56066895,2023-04-11
10.0,Tottenham,ENG,1,1854.33984375,2023-04-12
10.0,Tottenham,ENG,1,1852.49377441,2023-04-13
10.0,Tottenham,ENG,1,1851.72180176,2023-04-15
11.0,Tottenham,ENG,1,1838.20141602,2023-04-18
12.0,Tottenham,ENG,1,1836.2611084,2023-04-19
12.0,Tottenham,ENG,1,1836.99133301,2023-04-20
15.0,Tottenham,ENG,1,1831.52514648,2023-04-22
16.0,Tottenham,ENG,1,1831.52514648,2023-04-23
19.0,Tottenham,ENG,1,1817.5177002,2023-04-24
18.0,Tottenham,ENG,1,1817.5177002,2023-04-26
17.0,Tottenham,ENG,1,1817.5177002,2023-04-27
17.0,Tottenham,ENG,1,1817.12854004,2023-04-29
18.0,Tottenham,ENG,1,1817.12854004,2023-04-30
19.0,Tottenham,ENG,1,1813.09729004,2023-05-03
18.0,Tottenham,ENG,1,1813.09729004,2023-05-06
18.0,Tottenham,ENG,1,1818.3059082,2023-05-08
17.0,Tottenham,ENG,1,1818.3059082,2023-05-09
17.0,Tottenham,ENG,1,1818.42724609,2023-05-11
17.0,Tottenham,ENG,1,1819.11645508,2023-05-13
18.0,Tottenham,ENG,1,1811.9140625,2023-05-14
19.0,Tottenham,ENG,1,1811.9140625,2023-05-17
19.0,Tottenham,ENG,1,1814.58166504,2023-05-18
18.0,Tottenham,ENG,1,1816.58740234,2023-05-20
23.0,Tottenham,ENG,1,1802.85412598,2023-05-22
22.0,Tottenham,ENG,1,1802.85412598,2023-05-28
21.0,Tottenham,ENG,1,1812.32385254,2023-06-03
20.0,Tottenham,ENG,1,1812.32385254,2023-06-07
20.0,Tottenham,ENG,1,1814.72644043,2023-06-10
20.0,Tottenham,ENG,1,1815.87365723,2023-08-03
19.0,Tottenham,ENG,1,1815.87365723,2023-08-13
18.0,Tottenham,ENG,1,1817.65698242,2023-08-19
16.0,Tottenham,ENG,1,1829.08520508,2023-08-23
16.0,Tottenham,ENG,1,1829.23510742,2023-08-26
14.0,Tottenham,ENG,1,1836.36047363,2023-08-31
14.0,Tottenham,ENG,1,1836.45349121,2023-09-01
13.0,Tottenham,ENG,1,1836.45349121,2023-09-02
13.0,Tottenham,ENG,1,1846.9420166,2023-09-16
11.0,Tottenham,ENG,1,1849.44689941,2023-09-19
11.0,Tottenham,ENG,1,1850.03234863,2023-09-20
11.0,Tottenham,ENG,1,1850.58349609,2023-09-21
12.0,Tottenham,ENG,1,1842.03540039,2023-09-24
11.0,Tottenham,ENG,1,1845.82299805,2023-09-27
12.0,Tottenham,ENG,1,1845.82299805,2023-09-28
13.0,Tottenham,ENG,1,1845.82299805,2023-09-30
12.0,Tottenham,ENG,1,1855.4317627,2023-10-03
13.0,Tottenham,ENG,1,1847.78430176,2023-10-04
12.0,Tottenham,ENG,1,1852.60498047,2023-10-05
12.0,Tottenham,ENG,1,1855.42382812,2023-10-07
12.0,Tottenham,ENG,1,1858.55297852,2023-10-22
11.0,Tottenham,ENG,1,1858.55297852,2023-10-23
11.0,Tottenham,ENG,1,1863.90527344,2023-10-24
11.0,Tottenham,ENG,1,1866.2857666,2023-10-25
11.0,Tottenham,ENG,1,1863.36328125,2023-10-26
11.0,Tottenham,ENG,1,1864.72998047,2023-10-27
11.0,Tottenham,ENG,1,1871.04284668,2023-11-03
10.0,Tottenham,ENG,1,1871.04284668,2023-11-06
12.0,Tottenham,ENG,1,1850.51953125,2023-11-07
12.0,Tottenham,ENG,1,1847.66540527,2023-11-08
13.0,Tottenham,ENG,1,1845.33288574,2023-11-09
14.0,Tottenham,ENG,1,1845.06384277,2023-11-11
16.0,Tottenham,ENG,1,1834.65710449,2023-11-26
20.0,Tottenham,ENG,1,1825.7376709,2023-11-28
19.0,Tottenham,ENG,1,1827.0657959,2023-11-29
19.0,Tottenham,ENG,1,1828.50805664,2023-11-30
17.0,Tottenham,ENG,1,1830.77514648,2023-12-01
18.0,Tottenham,ENG,1,1830.77514648,2023-12-02
17.0,Tottenham,ENG,1,1830.77514648,2023-12-03
16.0,Tottenham,ENG,1,1837.66918945,2023-12-07
18.0,Tottenham,ENG,1,1826.85168457,2023-12-10
16.0,Tottenham,ENG,1,1839.48461914,2023-12-12
18.0,Tottenham,ENG,1,1837.20422363,2023-12-13
17.0,Tottenham,ENG,1,1834.16113281,2023-12-14
17.0,Tottenham,ENG,1,1831.17687988,2023-12-15
16.0,Tottenham,ENG,1,1838.10974121,2023-12-23
14.0,Tottenham,ENG,1,1842.39318848,2023-12-28
16.0,Tottenham,ENG,1,1832.15258789,2023-12-29
15.0,Tottenham,ENG,1,1832.15258789,2023-12-31
15.0,Tottenham,ENG,1,1837.67590332,2024-01-13
14.0,Tottenham,ENG,1,1837.67590332,2024-01-14
15.0,Tottenham,ENG,1,1837.90356445,2024-01-30
14.0,Tottenham,ENG,1,1837.90356445,2024-01-31
13.0,Tottenham,ENG,1,1842.14758301,2024-02-03
15.0,Tottenham,ENG,1,1840.43725586,2024-02-10
13.0,Tottenham,ENG,1,1845.85400391,2024-02-11
14.0,Tottenham,ENG,1,1845.85400391,2024-02-12
13.0,Tottenham,ENG,1,1845.85400391,2024-02-13
13.0,Tottenham,ENG,1,1846.02880859,2024-02-17
15.0,Tottenham,ENG,1,1833.99951172,2024-02-21
15.0,Tottenham,ENG,1,1832.70495605,2024-03-02
14.0,Tottenham,ENG,1,1838.36962891,2024-03-06
14.0,Tottenham,ENG,1,1838.53381348,2024-03-07
14.0,Tottenham,ENG,1,1833.7520752,2024-03-10
12.0,Tottenham,ENG,1,1852.34936523,2024-03-12
12.0,Tottenham,ENG,1,1851.34118652,2024-03-14
12.0,Tottenham,ENG,1,1858.78942871,2024-03-16
13.0,Tottenham,ENG,1,1841.69372559,2024-03-17
12.0,Tottenham,ENG,1,1841.69372559,2024-03-30
12.0,Tottenham,ENG,1,1843.97814941,2024-04-02
12.0,Tottenham,ENG,1,1843.60058594,2024-04-07
12.0,Tottenham,ENG,1,1847.96337891,2024-04-09
12.0,Tottenham,ENG,1,1847.41589355,2024-04-11
14.0,Tottenham,ENG,1,1839.75793457,2024-04-13
18.0,Tottenham,ENG,1,1824.89819336,2024-04-17
18.0,Tottenham,ENG,1,1820.6126709,2024-04-18
18.0,Tottenham,ENG,1,1818.44067383,2024-04-21
17.0,Tottenham,ENG,1,1818.44067383,2024-04-27
18.0,Tottenham,ENG,1,1818.44067383,2024-04-28
18.0,Tottenham,ENG,1,1812.31091309,2024-05-02
21.0,Tottenham,ENG,1,1796.8092041,2024-05-04
22.0,Tottenham,ENG,1,1796.8092041,2024-05-05
25.0,Tottenham,ENG,1,1790.99707031,2024-05-06
24.0,Tottenham,ENG,1,1790.99707031,2024-05-08
25.0,Tottenham,ENG,1,1790.99707031,2024-05-09
25.0,Tottenham,ENG,1,1786.66809082,2024-05-11
23.0,Tottenham,ENG,1,1789.68383789,2024-05-14
24.0,Tottenham,ENG,1,1784.94433594,2024-05-19
23.0,Tottenham,ENG,1,1790.53515625,2024-05-22
24.0,Tottenham,ENG,1,1790.53515625,2024-05-24
25.0,Tottenham,ENG,1,1790.53515625,2024-05-26
24.0,Tottenham,ENG,1,1790.53515625,2024-06-16
24.0,Tottenham,ENG,1,1790.53515625,2024-12-31
